index,1,corpus,OICT,Filename,A_60_846_Add.1.txt,DocLabel,A/60/846/ADD.1,DatePublish,12-May-06,DocType,3,DocTitle,Investing in the United Nations : for a stronger Organization worldwide : detailed report : report of the Secretary-General : addendum,"""},"
index,2,corpus,OICT,Filename,A_64_7_Add.8.txt,DocLabel,A/64/7/ADD.8,DatePublish,16-Nov-09,DocType,3,DocTitle,"Revised estimates relating to the proposed programme budget for the biennium 2010-2011 under sections 2, 17, 18, 20, 21, 27, 28C, 28D, 28E, 28F, 28G, 29 and 36 : 9th report of the Advisory Committee on Administrative and Budgetary Questions on the proposed programme budget for the biennium 2010-2011","""},"
index,3,corpus,OICT,Filename,A_65_5_(Vol. I)_(SUPP).txt,DocLabel,A/65/5(Vol.I)(SUPP),DatePublish,01-Jan-10,DocType,0,DocTitle,"Financial report and audited financial statements for the biennium ended 31 December 2009 and report of the Board of Auditors. Volume 1, United Nations","""},"
index,4,corpus,OICT,Filename,A_66_179.txt,DocLabel,A/66/179,DatePublish,25-Jul-11,DocType,0,DocTitle,"Audit of capital master plan procurement and contract management, including change orders : report of the Office of Internal Oversight Services","""},"
index,5,corpus,OICT,Filename,A_66_3190.txt,DocLabel,A/66/319,DatePublish,23-Aug-11,DocType,3,DocTitle,Activities of the Ethics Office : report of the Secretary-General,"""},"
index,6,corpus,OICT,Filename,A_AC.105_960.txt,DocLabel,A/AC.105/960,DatePublish,06-Apr-10,DocType,3,DocTitle,"Report of the United Nations Inter-Agency Meeting on Outer Space Activities on its 30th session, (Geneva, 10-12 March 2010)","""},"
index,7,corpus,OICT,Filename,A_AC.105_993.txt,DocLabel,A/AC.105/993,DatePublish,20-Jun-11,DocType,4,DocTitle,Contribution of the Committee on the Peaceful Uses of Outer Space to the United Nations Conference on Sustainable Development : harnessing space-derived geospatial data for sustainable development : note / by the Secretariat,"""},"
index,8,corpus,OICT,Filename,A_AC.172_2012_CRP.1.txt,DocLabel,A/AC.172/2012/CRP.1,DatePublish,28-Aug-12,DocType,0,DocTitle,THE PAPER-SMART CONCEPT: A PRELIMINARY EVALUATION,"""},"
index,9,corpus,OICT,Filename,A_C.4_64_SR.8.txt,DocLabel,A/C.4/64/SR.8,DatePublish,20-Nov-09,DocType,3,DocTitle,"Summary record of the 8th meeting : Special Political and Decolonization Committee (4th Committee), held at Headquarters, New York, on Tuesday, 13 October 2009, General Assembly, 64th session","""},"
index,10,corpus,OICT,Filename,A_C.5_67_SR.14.txt,DocLabel,A/C.5/67/SR.14,DatePublish,16-Nov-12,DocType,3,DocTitle,Summary record of the 14th meeting,"""},"
index,11,corpus,OICT,Filename,Journal_No._2011_86.txt,DocLabel,Journal/No./2011/86,DatePublish,05-May-11,DocType,4,DocTitle,PROGRAMME OF MEETINGS AND AGENDA,"""},"
index,12,corpus,OICT,Filename,Journal_No._2013_96.txt,DocLabel,Journal/No./2013/96,DatePublish,20-May-13,DocType,4,DocTitle,PROGRAMME OF MEETINGS AND AGENDA,"""},"
index,13,corpus,OICT,Filename,UNEP_GC.25_INF_3.txt,DocLabel,UNEP/GC.25/INF/3,DatePublish,14-Feb-09,DocType,4,DocTitle,ISSUES ARISING FROM THE RESOLUTIONS OF THE GENERAL ASSEMBLY AT ITS SIXTY-THIRD SESSION THAT ARE OF SPECIFIC SIGNIFICANCE TO THE WORK OF THE UNITED NATIONS ENVIRONMENT PROGRAMME: NOTE BY THE EXECUTIVE DIRECTOR,"""},"
index,14,corpus,ITS,Filename,A_54_251_Add.5.txt,DocLabel,A/54/251/ADD.5,DatePublish,25-May-00,DocType,3,DocTitle,AGENDA OF THE 54TH SESSION OF THE GENERAL ASSEMBLY,"""},"
index,15,corpus,ITS,Filename,A_65_477.txt,DocLabel,A/65/477,DatePublish,18-Nov-10,DocType,3,DocTitle,"Programme planning : report of the 6th Committee : General Assembly, 65th session","""},"
index,16,corpus,ITS,Filename,A_C.1_58_L.48.txt,DocLabel,A/C.1/58/L.48,DatePublish,15-Oct-03,DocType,0,DocTitle,"Verification in all its aspects, including the role of the United Nations in the field of verification : draft decision / Canada","""},"
index,17,corpus,ITS,Filename,A_C.1_64_L.2.txt,DocLabel,A/C.1/64/L.2,DatePublish,01-Oct-09,DocType,0,DocTitle,"Verification in all its aspects, including the role of the United Nations in the field of verification : draft decision / Canada","""},"
index,18,corpus,ITS,Filename,A_CN.4_L.799_Corr.1.txt,DocLabel,A/CN.4/L.799/CORR.1,DatePublish,30-Aug-12,DocType,3,DocTitle,Draft report of the International Law Commission on the work of its 64th session : corrigendum,"""},"
index,19,corpus,ITS,Filename,A_HRC17_20.txt,DocLabel,A/HRC17/20,DatePublish,06-Apr-11,DocType,3,DocTitle,"Cooperation with the United Nations, its representatives and mechanisms in the field of human rights : note / by the Secretariat","""},"
index,20,corpus,ITS,Filename,A_HRC_10_63.txt,DocLabel,A/HRC/10/63,DatePublish,10-Feb-09,DocType,3,DocTitle,Integrating the human rights of women throughout the United Nations System : note / by the Secretariat,"""},"
index,21,corpus,ITS,Filename,A_HRC_13_49.txt,DocLabel,A/HRC/13/49,DatePublish,05-Feb-10,DocType,3,DocTitle,Report of the Human Rights Council Advisory Committee on its 3rd session : note / by the Secretariat,"""},"
index,22,corpus,ITS,Filename,A_HRC_13_50.txt,DocLabel,A/HRC/13/50,DatePublish,18-Feb-10,DocType,3,DocTitle,Report of the Human Rights Council Advisory Committee on its 4th session : note / by the Secretariat,"""},"
index,23,corpus,ITS,Filename,A_HRC_14_L.6.txt,DocLabel,A/HRC/14/L.6,DatePublish,11-Jun-10,DocType,4,DocTitle,Missing persons : draft decision / Azerbaijan,"""},"
index,24,corpus,ITS,Filename,A_HRC_16_60.txt,DocLabel,A/HRC/16/60,DatePublish,14-Dec-10,DocType,3,DocTitle,Report of the Human Rights Council Advisory Committee on its 5th session : note / by the Secretary-General,"""},"
index,25,corpus,ITS,Filename,A_HRC_16_61.txt,DocLabel,A/HRC/16/61,DatePublish,24-Feb-11,DocType,3,DocTitle,Report of the Human Rights Council Advisory Committee on its 6th session : note / by the Secretariat,"""},"
index,26,corpus,ITS,Filename,A_HRC_16_65.txt,DocLabel,A/HRC/16/65,DatePublish,07-Jan-11,DocType,3,DocTitle,Report of the Ad Hoc Committee on the Elaboration of Complementary Standards on its 3rd session : note / by the Secretary-General,"""},"
index,27,corpus,ITS,Filename,A_HRC_18_34.txt,DocLabel,A/HRC/18/34,DatePublish,06-Jun-11,DocType,3,DocTitle,No title available,"""},"
index,28,corpus,ITS,Filename,A_HRC_18_39.txt,DocLabel,A/HRC/18/39,DatePublish,06-Jun-11,DocType,3,DocTitle,REPORT OF THE WORKING GROUP ON THE RIGHT TO DEVELOPMENT : NOTE / BY THE SECRETARIAT,"""},"
index,29,corpus,ITS,Filename,A_HRC_21_56.txt,DocLabel,A/HRC/21/56,DatePublish,26-Jun-12,DocType,3,DocTitle,"Report of the Human Rights Council Advisory Committee on its 7th, 8th and 9th sessions : note / by the Secretariat","""},"
index,30,corpus,ITS,Filename,A_HRC_24_48.txt,DocLabel,A/HRC/24/48,DatePublish,24-Jun-13,DocType,4,DocTitle,No title available,"""},"
index,31,corpus,ITS,Filename,A_HRC_24_53.txt,DocLabel,A/HRC/24/53,DatePublish,21-May-13,DocType,3,DocTitle,No title available,"""},"
index,32,corpus,ITS,Filename,A_HRC_9_L.5.txt,DocLabel,A/HRC/9/L.5,DatePublish,18-Sep-08,DocType,4,DocTitle,Missing persons : draft decision / Azerbaijan,"""},"
index,33,corpus,ITS,Filename,A_HRC_AC_2008_1_L.6.txt,DocLabel,A/HRC/AC/2008/1/L.6,DatePublish,12-Aug-08,DocType,3,DocTitle,NEW BODIES ESTABLISHED BY THE HUMAN RIGHTS COUNCIL : DRAFT PROPOSAL / HALIMA EMBAREK WARZAZI,"""},"
index,34,corpus,ITS,Filename,A_HRC_DEC_12_117.txt,DocLabel,A/HRC/DEC/12/117,DatePublish,12-Oct-09,DocType,4,DocTitle,Missing persons : decision / adopted by the Human Rights Council,"""},"
index,35,corpus,ITS,Filename,A_HRC_DEC_14_118.txt,DocLabel,A/HRC/DEC/14/118,DatePublish,23-Jun-10,DocType,4,DocTitle,Missing persons : decision / adopted by the Human Rights Council,"""},"
index,36,corpus,ITS,Filename,A_RES_60_284.txt,DocLabel,A/RES/60/284,DatePublish,13-Sep-05,DocType,3,DocTitle,PREVENTION OF ARMED CONFLICT : RESOLUTION / ADOPTED BY THE GENERAL ASSEMBLY,"""},"
index,37,corpus,ITS,Filename,CAT_C_50_4.txt,DocLabel,CAT/C/50/4,DatePublish,26-Aug-13,DocType,4,DocTitle,No title available,"""},"
index,38,corpus,ITS,Filename,CD_1667.txt,DocLabel,CD/1667,DatePublish,14-Feb-02,DocType,4,DocTitle,Decision adopted at its 893rd plenary meeting on 14 February 2002 by the Conference on Disarmament,"""},"
index,39,corpus,ITS,Filename,CERD_C_DEC_SDN_1.txt,DocLabel,CERD/C/DEC/SDN/1,DatePublish,27-Apr-05,DocType,4,DocTitle,Situation in Darfur : decision 2(66),"""},"
index,40,corpus,ITS,Filename,ECE_TRANS_WP.29_1089_ADD.1_CORR.1.txt,DocLabel,ECE/TRANS/WP.29/1089/ADD.1/CORR.1,DatePublish,25-May-11,DocType,4,DocTitle,No title available,"""},"
index,41,corpus,ITS,Filename,ECE_TRANS_WP.29_1097_Corr.1.txt,DocLabel,ECE/TRANS/WP.29/1097/Corr.1,DatePublish,30-Aug-12,DocType,4,DocTitle,No title available,"""},"
index,42,corpus,ITS,Filename,ECE_TRANS_WP.30_AC.2_83_Corr.1.txt,DocLabel,ECE/TRANS/WP.30/AC.2/83/Corr.1,DatePublish,04-Sep-06,DocType,4,DocTitle,"REPORT OF THE ADMINISTRATIVE COMMITTEE FOR THE TIR CONVENTION, 1975 ON ITS 41ST SESSION, 1 JUNE 2006 : CORRIGENDUM","""},"
index,43,corpus,ITS,Filename,E_2011_L.49.txt,DocLabel,E/2011/L.49,DatePublish,22-Jul-11,DocType,4,DocTitle,Ad Hoc Advisory Group on Haiti : draft decision / Canada,"""},"
index,44,corpus,ITS,Filename,E_2013_L.41.txt,DocLabel,E/2013/L.41,DatePublish,31-Oct-13,DocType,4,DocTitle,REPORT OF THE PERMANENT FORUM ON INDIGENOUS ISSUES ON ITS TWELFTH SESSION,"""},"
index,45,corpus,ITS,Filename,E_CN.15_2013_L.24.txt,DocLabel,E/CN.15/2013/L.24,DatePublish,25-Apr-13,DocType,4,DocTitle,DRAFT DECISION SUBMITTED BY THE CHAIR,"""},"
index,46,corpus,ITS,Filename,E_CN.4_2004_72.txt,DocLabel,E/CN.4/2004/72,DatePublish,17-Mar-04,DocType,4,DocTitle,Missing persons in connection with armed conflict : note / by the Secretariat,"""},"
index,47,corpus,ITS,Filename,E_CN.4_2004_84.txt,DocLabel,E/CN.4/2004/84,DatePublish,22-Dec-03,DocType,4,DocTitle,Human rights and international solidarity : note / by the Secretary-General,"""},"
index,48,corpus,ITS,Filename,E_CN.4_Sub.2_2005_12.txt,DocLabel,E/CN.4/SUB.2/2005/12,DatePublish,07-Jun-05,DocType,4,DocTitle,Women in prison : note / by the Secretariat,"""},"
index,49,corpus,ITS,Filename,E_CN.4_Sub.2_2005_37.txt,DocLabel,E/CN.4/SUB.2/2005/37,DatePublish,29-Jun-05,DocType,4,DocTitle,Human rights and international solidarity : note / by the Secretariat,"""},"
index,50,corpus,ITS,Filename,FCCC_CP_2001_13_Add.4_Corr.1.txt,DocLabel,FCCC/CP/2001/13/ADD.4/Corr.1,DatePublish,15-May-02,DocType,0,DocTitle,"Report of the Conference of the Parties on its 7th session, held at Marrakesh from 29 October to 10 November 2001 : addendum : corrigendum","""},"
index,51,corpus,ITS,Filename,FCCC_SBI_2004_L.21_Rev.1.txt,DocLabel,FCCC/SBI/2004/L.21/REV.1,DatePublish,14-Dec-04,DocType,4,DocTitle,Level of emissions for the base year of Croatia : draft conclusions / proposed by the Chair,"""},"
index,52,corpus,ITS,Filename,FCCC_SBI_2006_L.16.txt,DocLabel,FCCC/SBI/2006/L.16,DatePublish,24-May-06,DocType,1,DocTitle,Capacity-building under the Kyoto Protocol : draft conclusions / proposed by the Chair,"""},"
index,53,corpus,ITS,Filename,FCCC_SBI_2006_L.6.txt,DocLabel,FCCC/SBI/2006/L.6,DatePublish,23-May-06,DocType,4,DocTitle,Special Climate Change Fund : draft conclusions / proposed by the Chair,"""},"
index,54,corpus,ITS,Filename,FCCC_SBI_2009_L.30.txt,DocLabel,FCCC/SBI/2009/L.30,DatePublish,12-Dec-09,DocType,4,DocTitle,No title available,"""},"
index,55,corpus,ITS,Filename,FCCC_SBI_2011_L.14.txt,DocLabel,FCCC/SBI/2011/L.14,DatePublish,16-Jun-11,DocType,4,DocTitle,No title available,"""},"
index,56,corpus,ITS,Filename,FCCC_SBSTA_2004_L.10.txt,DocLabel,FCCC/SBSTA/2004/L.10,DatePublish,24-Jun-04,DocType,4,DocTitle,Draft conclusions on agenda item 10 (a) / proposed by the Chair,"""},"
index,57,corpus,ITS,Filename,FCCC_SBSTA_2004_L.11.txt,DocLabel,FCCC/SBSTA/2004/L.11,DatePublish,24-Jun-04,DocType,4,DocTitle,Draft conclusions on agenda item 10 (b) / proposed by the Chair,"""},"
index,58,corpus,ITS,Filename,FCCC_SBSTA_2006_L.2.txt,DocLabel,FCCC/SBSTA/2006/L.2,DatePublish,22-May-06,DocType,4,DocTitle,"Matters relating to Article 2, para. 3, of the Kyoto Protocol : draft conclusions / proposed by the Chair","""},"
index,59,corpus,ITS,Filename,S_RES_1317_(2000).txt,DocLabel,S/RES/1317(2000),DatePublish,05-Sep-00,DocType,4,DocTitle,Security Council resolution 1317 (2000) [on extension of the mandate of the UN Mission in Sierra Leone (UNAMSIL)],"""},"
index,60,corpus,ITS,Filename,S_RES_1585_(2005).txt,DocLabel,S/RES/1585(2005),DatePublish,10-Mar-05,DocType,4,DocTitle,Security Council resolution 1585 (2005) [on extension of the mandate of the UN Advance Mission in the Sudan (UNAMIS)],"""},"
index,61,corpus,ITS,Filename,S_RES_1588_(2005).txt,DocLabel,S/RES/1588(2005),DatePublish,17-Mar-05,DocType,4,DocTitle,Security Council resolution 1588 (2005) [on extension of the mandate of the UN Advance Mission in the Sudan (UNAMIS)],"""},"
index,62,corpus,ICT,Filename,A_55_50_E_2000_55.txt,DocLabel,A/55/50/E/2000/55,DatePublish,22-May-00,DocType,0,DocTitle,Report of the High-level Panel of Experts on Information and Communication Technology note / by the Secretary-General,"""},"
index,63,corpus,ICT,Filename,A_56_968.txt,DocLabel,A/56/968,DatePublish,31-May-02,DocType,3,DocTitle,Letter dated 2002/05/30 from Charge d'affaires a.i. of the Permanent Mission of Nauru to the United Nations addressed to the Secretary-General,"""},"
index,64,corpus,ICT,Filename,A_59_558.txt,DocLabel,A/59/558,DatePublish,08-Nov-04,DocType,2,DocTitle,"Information and communications technology strategy : strengthening the Department of Public Information, within the existing capacity, in order to support and enhance the United Nations web site in all official languages of the organization : status of implementation : report of the Advisory Committee on Administrative and Budgetary Questions","""},"
index,65,corpus,ICT,Filename,A_59_563.txt,DocLabel,A/59/563,DatePublish,10-Nov-04,DocType,1,DocTitle,Information and communication technologies for development progress in the implementation of General Assembly resolution 57/295 report of the Secretary-General,"""},"
index,66,corpus,ICT,Filename,A_60_323.txt,DocLabel,A/60/323,DatePublish,01-Sep-05,DocType,1,DocTitle,Information and communication technologies for development progress in the implementation of General Assembly resolution 57/295 report of the Secretary-General,"""},"
index,67,corpus,ICT,Filename,A_61_254.txt,DocLabel,A/61/254,DatePublish,08-Aug-06,DocType,1,DocTitle,Information and communication technologies for development progress in the implementation of General Assembly resolution 57/295 report of the Secretary-General,"""},"
index,68,corpus,ICT,Filename,A_61_765.txt,DocLabel,A/61/765,DatePublish,27-Feb-07,DocType,3,DocTitle,Investing in the United Nations : for a stronger Organization worldwide : interim report : report of the Secretary-General,"""},"
index,69,corpus,ICT,Filename,A_62_502.txt,DocLabel,A/62/502,DatePublish,23-Oct-07,DocType,3,DocTitle,Investing in information and communications technology status report report of the Secretary-General,"""},"
index,70,corpus,ICT,Filename,A_62_793.txt,DocLabel,A/62/793,DatePublish,09-Apr-08,DocType,1,DocTitle,Investing in information and communications technology information and communications strategy for the United Nations Secretariat report of the Secretary-General,"""},"
index,71,corpus,ICT,Filename,A_62_793_Corr.1.txt,DocLabel,A/62/793/Corr.1,DatePublish,07-May-08,DocType,1,DocTitle,Investing in information and communications technology information and communications strategy for the United Nations Secretariat report of the Secretary-General corrigendum,"""},"
index,72,corpus,ICT,Filename,A_64_96.txt,DocLabel,A/64/96,DatePublish,19-Jun-09,DocType,3,DocTitle,Report of the Joint Inspection Unit on the review of information and communication technology (ICT) hosting services in the United Nations system organizations note / by the Secretary-General,"""},"
index,73,corpus,ICT,Filename,A_66_748.txt,DocLabel,A/66/748,DatePublish,15-Mar-12,DocType,3,DocTitle,Letter dated 2012/02/24 from the Permanent Representative of Antigua and Barbuda to the United Nations addressed to the Secretary-General,"""},"
index,74,corpus,ICT,Filename,A_67_119.txt,DocLabel,A/67/119,DatePublish,02-Jul-12,DocType,2,DocTitle,Information and communications technology governance in United Nations system organizations note / by the Secretary-General,"""},"
index,75,corpus,ICT,Filename,A_67_119_Add.1.txt,DocLabel,A/67/119/ADD.1,DatePublish,29-Jun-12,DocType,2,DocTitle,Information and communications technology governance in United Nations system organizations note / by the Secretary-General,"""},"
index,76,corpus,ICT,Filename,A_67_651.txt,DocLabel,A/67/651,DatePublish,20-Dec-12,DocType,0,DocTitle,Report of the Board of Auditors on the handling of information and communications technology affairs in the Secretariat note / by the Secretary-General,"""},"
index,77,corpus,ICT,Filename,A_67_651_Add.1.txt,DocLabel,A/67/651/ADD.1,DatePublish,16-Jan-13,DocType,0,DocTitle,Implementation of the recommendations of the Board of Auditors contained in its report on the handling of information and communications technology affairs in the Secretariat report of the Secretary-General,"""},"
index,78,corpus,ICT,Filename,A_67_770.txt,DocLabel,A/67/770,DatePublish,01-Mar-13,DocType,0,DocTitle,Report of the Board of Auditors on the handling of information and communications technology affairs in the Secretariat report of the Advisory Committee on Administrative and Budgetary Questions,"""},"
index,79,corpus,ICT,Filename,A_C.2_62_SR.21.txt,DocLabel,A/C.2/62/SR.21,DatePublish,30-Nov-07,DocType,3,DocTitle,"Summary record of the 21st meeting 2nd Committee, held at Headquarters, New York, on Monday, 5 November 2007, General Assembly, 62nd session","""},"
index,80,corpus,ICT,Filename,A_C.2_64_SR.23.txt,DocLabel,A/C.2/64/SR.23,DatePublish,08-Dec-09,DocType,3,DocTitle,"Summary record of the 23rd meeting 2nd Committee, held at Headquarters, New York, on Wednesday, 28 October 2009, General Assembly, 64th session","""},"
index,81,corpus,ICT,Filename,A_C.5_65_SR.18.txt,DocLabel,A/C.5/65/SR.18,DatePublish,20-Jan-11,DocType,3,DocTitle,"Summary record of the 18th meeting 5th Committee, held at Headquarters, New York, on Monday, 29 November 2010, General Assembly, 65th session","""},"
index,82,corpus,ICT,Filename,A_C.5_66_SR.19.txt,DocLabel,A/C.5/66/SR.19,DatePublish,03-Feb-12,DocType,3,DocTitle,"Summary record of the 19th meeting 5th Committee, held at Headquarters, New York, on Tuesday, 29 November 2011, General Assembly, 66th session","""},"
index,83,corpus,ICT,Filename,CES_SEM.52_3.txt,DocLabel,CES/SEM.52/3,DatePublish,19-Sep-03,DocType,4,DocTitle,"Gender issues in ICT statistics and indicators, with particular emphasis on developing countries keynote address / Nancy J. Hafkin","""},"
index,84,corpus,ICT,Filename,CES_SEM.52_6.txt,DocLabel,CES/SEM.52/6,DatePublish,29-Sep-03,DocType,1,DocTitle,Measuring ICT use in education in Asia and the Pacific through performance indicators keynote paper / Carmelita Villanueva,"""},"
index,85,corpus,ICT,Filename,CES_SEM.52_8.txt,DocLabel,CES/SEM.52/8,DatePublish,02-Oct-03,DocType,1,DocTitle,"Understanding changes in the information society working towards the internationally harmonized views keynote paper / Thaweesak Koanantakool, Ministry of Science and Technology, Thailand","""},"
index,86,corpus,ICT,Filename,CICT3_3E.txt,DocLabel,CICT3/3E,DatePublish,19-Sep-12,DocType,1,DocTitle,MEASURING PROGRESSREVIEW OF THE TARGETS AND INFORMATION AND COMMUNICATIONS TECHNOLOGY INDICATORS OF THE WORLD SUMMIT ON THE INFORMATION SOCIETYNOTE BY THE SECRETARIAT,"""},"
index,87,corpus,ICT,Filename,CICT3_6E.txt,DocLabel,CICT3/6E,DatePublish,29-Nov-12,DocType,0,DocTitle,REPORT OF THE COMMITTEE ON INFORMATION AND COMMUNICATIONS TECHNOLOGY ON ITS THIRD SESSION,"""},"
index,88,corpus,ICT,Filename,CICT3_L1E.txt,DocLabel,CICT3/L1E,DatePublish,28-Aug-12,DocType,1,DocTitle,"ANNOTATED PROVISIONAL AGENDA COMMITTEE ON INFORMATION AND COMMUNICATIONS TECHNOLOGY, 3RD SESSION, BANGKOK, 20-22 NOVEMBER 2012","""},"
index,89,corpus,ICT,Filename,CST3_L2E.txt,DocLabel,CST3/L2E,DatePublish,22-Nov-12,DocType,1,DocTitle,"DRAFT REPORT COMMITTEE ON INFORMATION AND COMMUNICATIONS TECHNOLOGY, 3RD SESSION, BANGKOK, 20-22 NOVEMBER 2012","""},"
index,90,corpus,ICT,Filename,E67_L3EA6.txt,DocLabel,E67/L3EA6,DatePublish,21-May-11,DocType,1,DocTitle,"DRAFT REPORTREVIEW OF ISSUES PERTINENT TO THE SUBSIDIARY STRUCTURE OF THE COMMISSION, INCLUDING THE WORK OF THE ESCAP REGIONAL INSTITUTIONSINFORMATION AND COMMUNICATIONS TECHNOLOGY","""},"
index,91,corpus,ICT,Filename,E68_L3EA6.txt,DocLabel,E68/L3EA6,DatePublish,19-May-12,DocType,1,DocTitle,DRAFT REPORTINFORMATION AND COMMUNICATIONS TECHNOLOGY (INCLUDING THE ASIAN AND PACIFIC TRAINING CENTRE FOR INFORMATION AND COMMUNICATION TECHNOLOGY FOR DEVELOPMENT),"""},"
index,92,corpus,ICT,Filename,E69_9E.txt,DocLabel,E69/9E,DatePublish,13-Feb-13,DocType,0,DocTitle,REPORT OF THE COMMITTEE ON INFORMATION AND COMMUNICATIONS TECHNOLOGY ON ITS THIRD SESSION,"""},"
index,93,corpus,ICT,Filename,E69_L3EA6.txt,DocLabel,E69/L3EA6,DatePublish,27-Apr-13,DocType,1,DocTitle,DRAFT REPORTINFORMATION AND COMMUNICATIONS TECHNOLOGY (INCLUDING THE ASIAN AND PACIFIC TRAINING CENTRE FOR INFORMATION AND COMMUNICATION TECHNOLOGY FOR DEVELOPMENT),"""},"
index,94,corpus,ICT,Filename,ECE_CECI_2006_4_Add.1.txt,DocLabel,ECE/CECI/2006/4/ADD.1,DatePublish,18-Jul-06,DocType,4,DocTitle,Inventory of the work of international organizations on the themes of the Committee on Economic Cooperation and Integration addendum note / by the Secretariat,"""},"
index,95,corpus,ICT,Filename,ECE_CECI_CONF.13_1.txt,DocLabel,ECE/CECI/CONF.13/1,DatePublish,13-Sep-11,DocType,4,DocTitle,No title available,"""},"
index,96,corpus,ICT,Filename,ECE_CECI_CONF.6_2.txt,DocLabel,ECE/CECI/CONF.6/2,DatePublish,16-Jul-09,DocType,2,DocTitle,REPORT ON THE INTERNATIONAL CONFERENCE [ON] TECHNOLOGICAL READINESS FOR INNOVATION-BASED COMPETITIVENESS PROMOTING AN ENABLING INFORMATION AND COMMUNICATION TECHNOLOGY POLICY AND REGULATORY FRAMEWORK,"""},"
index,97,corpus,ICT,Filename,ECE_CECI__CONF.6_1.txt,DocLabel,ECE/CECI//CONF.6/1,DatePublish,06-Apr-09,DocType,4,DocTitle,No title available,"""},"
index,98,corpus,ICT,Filename,ECE_CES_SEM.54_18.txt,DocLabel,ECE/CES/SEM.54/18,DatePublish,03-Apr-06,DocType,2,DocTitle,"New ICT architecture in the Czech Statistical Office results of cooperation with ICT experts and companies invited paper summary / prepared by Stanislav Drapal, Czech Statistical Office","""},"
index,99,corpus,ICT,Filename,ECE_TCU_CONF.1_2004_1.txt,DocLabel,ECE/TCU/CONF.1/2004/1,DatePublish,23-Dec-04,DocType,2,DocTitle,"Final report Economic Commission for Europe, Economic and Social Commission for Asia and the Pacific, Bishkek Conference on Information Society and Regional Cooperation in Information Communication Technologies for Development, Bishkek, Kyrgyz Republic, 16-18 November 2004","""},"
index,100,corpus,ICT,Filename,E_2000_71.txt,DocLabel,E/2000/100,DatePublish,13-Jun-00,DocType,4,DocTitle,Contribution of the Economic and Social Commission for Western Asia to the theme for the high-level segment of the substantive session of 2000 of the Economic and Social Council development and international cooperation in the 21st century the role of information technology in the context of a knowledge-based global economy a regional perspective,"""},"
index,101,corpus,ICT,Filename,E_2000_72.txt,DocLabel,E/2000/72,DatePublish,19-Jun-00,DocType,4,DocTitle,Contribution of the Economic Commission for Europe to the theme for the high-level segment of the substantive session of 2000 of the Economic and Social Council development and international cooperation in the 21st century the role of information technology in the context of a knowledge-based global economy a regional perspective,"""},"
index,102,corpus,ICT,Filename,E_2000_L.27.txt,DocLabel,E/2000/L.27,DatePublish,27-Jul-00,DocType,1,DocTitle,Information and Communication Technologies Task Force draft resolution / Lesotho,"""},"
index,103,corpus,ICT,Filename,E_2000_L.9.txt,DocLabel,E/2000/L.9,DatePublish,11-Jul-00,DocType,4,DocTitle,Draft ministerial declaration of the high-level segment / submitted by the President of the Economic and Social Council on the basis of informal consultations,"""},"
index,104,corpus,ICT,Filename,E_2000_SR.14.txt,DocLabel,E/2000/SR.14,DatePublish,25-Sep-00,DocType,4,DocTitle,"Provisional summary record of the 14th meeting, held at Headquarters, New York, on Thursday, 6 July 2000 Economic and Social Council, substantive session of 2000, high-level segment","""},"
index,105,corpus,ICT,Filename,E_2001_7.txt,DocLabel,E/2001/7,DatePublish,20-Feb-01,DocType,1,DocTitle,Information and Communication Technologies (ICT) Task Force report of the Secretary-General,"""},"
index,106,corpus,ICT,Filename,E_2001_L.16.txt,DocLabel,E/2001/L.16,DatePublish,05-Jul-01,DocType,2,DocTitle,"The role of the United Nations in promoting development, particularly with respect to access to and transfer of knowledge and technology, especially information and communication technologies, inter alia, through partnerships with relevant stakeholders, including the private sector draft agreed conclusions / submitted by the Vice-President of the Council, Francisco Seixas Da Costa (Portugal)","""},"
index,107,corpus,ICT,Filename,E_2001_SR.3.txt,DocLabel,E/2001/SR.3,DatePublish,19-Mar-01,DocType,4,DocTitle,"Provisional summary record of the 3rd meeting, held at Headquarters, New York, on Thursday, 8 March 2001 Economic and Social Council, resumed organizational session for 2001","""},"
index,108,corpus,ICT,Filename,E_2001_SR.4.txt,DocLabel,E/2001/SR.4,DatePublish,20-Mar-01,DocType,4,DocTitle,"Provisional summary record of the 4th meeting, held at Headquarters, New York, on Tuesday, 13 March 2001 Economic and Social Council, resumed organizational session for 2001","""},"
index,109,corpus,ICT,Filename,E_2004_L.42.txt,DocLabel,E/2004/L.42,DatePublish,21-Jul-04,DocType,1,DocTitle,"Information and communication technologies for development draft decision / submitted by the Vice-President of the Council, Daw Penjo (Bhutan), on the basis of informal consultations","""},"
index,110,corpus,ICT,Filename,E_2004_NGO_19.txt,DocLabel,E/2004/NGO/19,DatePublish,16-Jun-04,DocType,4,DocTitle,"Statement / by the Association tunisienne des meres, a non-governmental organization in consultative status with the Economic and Social Council","""},"
index,111,corpus,ICT,Filename,E_2005_71.txt,DocLabel,E/2005/71,DatePublish,06-Jun-05,DocType,0,DocTitle,Third annual report of the Information and Communication Technologies Task Force note / by the Secretary-General,"""},"
index,112,corpus,ICT,Filename,E_2005_L.23.txt,DocLabel,E/2005/L.23,DatePublish,14-Jul-05,DocType,0,DocTitle,"United Nations Information and Communication Technologies (ICT) Task Force draft decision / submitted by the Vice-President of the Council, Agim Nesho (Albania)","""},"
index,113,corpus,ICT,Filename,E_2005_NGO_29.txt,DocLabel,E/2005/NGO/29,DatePublish,13-Jul-05,DocType,2,DocTitle,STATEMENT SUBMITTED BY THE TUNISIA MOTHERS' ASSOCIATION ...,"""},"
index,114,corpus,ICT,Filename,E_2006_NGO_31.txt,DocLabel,E/2006/NGO/31,DatePublish,30-May-06,DocType,2,DocTitle,Statement / submitted by non-governmental organizations participating in the Economic and Social Council Non-Governmental Organization Forum (Part II),"""},"
index,115,corpus,ICT,Filename,E_2006_NGO_35.txt,DocLabel,E/2006/NGO/35,DatePublish,16-May-06,DocType,2,DocTitle,"Statement / submitted by Osservatorio per la Comunicazione Culturale e l'Audiovisivo nel Mediterraneo e nel Mondo, a non-governmental organization in consultative status with the Economic and Social Council","""},"
index,116,corpus,ICT,Filename,E_2007_NGO_8.txt,DocLabel,E/2007/NGO/8,DatePublish,01-Jun-07,DocType,2,DocTitle,"Statement / submitted by Foundation for Research on Technology Migration and Integration, a non-governmental organization in consultative status with the Economic and Social Council","""},"
index,117,corpus,ICT,Filename,E_2009_101.txt,DocLabel,E/2009/101,DatePublish,18-Jun-09,DocType,4,DocTitle,Contribution of the Commission on Science and Technology for Development to the 2009 Economic and Social Council annual ministerial review note / by the Secretariat,"""},"
index,118,corpus,ICT,Filename,E_2011_NGO_11.txt,DocLabel,E/2011/NGO/11,DatePublish,09-May-11,DocType,2,DocTitle,Statement / submitted by International Research Foundation for Development,"""},"
index,119,corpus,ICT,Filename,E_2012_NGO_51.txt,DocLabel,E/2012/NGO/51,DatePublish,23-Apr-11,DocType,2,DocTitle,Statement / submitted by Sucardif Association,"""},"
index,120,corpus,ICT,Filename,E_CN.16_2004_3.txt,DocLabel,E/CN.16/2004/3,DatePublish,06-Apr-04,DocType,0,DocTitle,Implementation of and progress made on decisions taken at the 6th session of the Commission Commission on Science and Technology for Development note / by the Secretariat,"""},"
index,121,corpus,ICT,Filename,E_CN.16_2006_3.txt,DocLabel,E/CN.16/2006/3,DatePublish,17-Mar-06,DocType,4,DocTitle,No title available,"""},"
index,122,corpus,ICT,Filename,E_CN.16_2007_OD_3.txt,DocLabel,E/CN.16/2007/OD/3,DatePublish,23-May-07,DocType,4,DocTitle,"Journal Economic and Social Council, Commission on Science and Technology for Development, 10th session, Geneva, 21-25 May 2007","""},"
index,123,corpus,ICT,Filename,E_CN.16_2011_3.txt,DocLabel,E/CN.16/2011/3,DatePublish,09-Mar-11,DocType,1,DocTitle,Measuring the impact of information and communication technologies for development report of the Secretary-General,"""},"
index,124,corpus,ICT,Filename,E_CN.3_2004_16.txt,DocLabel,E/CN.3/2004/16,DatePublish,30-Jan-04,DocType,0,DocTitle,Report of the International Telecommunication Union on information and communication technologies statistics note / by the Secretary-General,"""},"
index,125,corpus,ICT,Filename,E_CN.3_2005_23.txt,DocLabel,E/CN.3/2005/23,DatePublish,16-Dec-04,DocType,0,DocTitle,Report of the Partnership on Measuring Information and Communication Technologies for Development note / by the Secretary-General,"""},"
index,126,corpus,ICT,Filename,E_CN.3_2007_5.txt,DocLabel,E/CN.3/2007/5,DatePublish,08-Dec-06,DocType,0,DocTitle,Report of the Partnership on Measuring Information and Communication Technologies for Development information and communication technology statistics note / by the Secretary-General,"""},"
index,127,corpus,ICT,Filename,E_CN.3_2009_19.txt,DocLabel,E/CN.3/2009/19,DatePublish,23-Feb-09,DocType,0,DocTitle,Report of the Partnership on Measuring Information and Communication Technologies for Development information and communications technology statistics note / by the Secretary-General,"""},"
index,128,corpus,ICT,Filename,E_CN.3_2010_28.txt,DocLabel,E/CN.3/2010/28,DatePublish,09-Dec-09,DocType,1,DocTitle,Partnership on Measuring Information and Communication Technologies for Development note / by the Secretary-General,"""},"
index,129,corpus,ICT,Filename,E_CN.3_2012_12.txt,DocLabel,E/CN.3/2012/12,DatePublish,06-Dec-11,DocType,0,DocTitle,Report of the Partnership on Measuring Information and Communication Technology for Development note / by the Secretary-General,"""},"
index,130,corpus,ICT,Filename,E_CN.6_2003_6.txt,DocLabel,E/CN.6/2003/6,DatePublish,30-Dec-02,DocType,1,DocTitle,"Participation in and access of women to the media, and information and communication technologies and their impact on and use as an instrument for the advancement and empowerment of women report of the Secretary-General","""},"
index,131,corpus,ICT,Filename,E_CN.6_2003_NGO_25.txt,DocLabel,E/CN.6/2003/NGO/25,DatePublish,20-Jan-03,DocType,4,DocTitle,"Follow-up to the 4th World Conference on Women and to the special session of the General Assembly entitled ""Women 2000 gender equality, development and peace for the 21st century"" implementation of strategic objectives and action in the critical areas of concern and further actions and initiatives participation and access to women in the media, and information land communication technologies and their impact on and use as an instrument for the advancement and empowerment of women statement","""},"
index,132,corpus,ICT,Filename,E_CN.6_2011_NGO_28.txt,DocLabel,E/CN.6/2011/NGO/28,DatePublish,02-Dec-10,DocType,2,DocTitle,Statement / submitted by Plan Sweden,"""},"
index,133,corpus,ICT,Filename,E_ECA_CODIST_1_24.txt,DocLabel,E/ECA/CODIST/1/24,DatePublish,02-Feb-09,DocType,4,DocTitle,ICT STANDARDS FOR AFRICAN TEACHERS NEEDS ASSESSMENTTEACHER TRAINING INSTITUTES IN FOCUS EXECUTIVE SUMMARY,"""},"
index,134,corpus,ICT,Filename,E_ECA_CODIST_1_25.txt,DocLabel,E/ECA/CODIST/1/25,DatePublish,11-Mar-09,DocType,0,DocTitle,SCAN-ICT PHASE II,"""},"
index,135,corpus,ICT,Filename,E_ECA_CODIST_1_7.txt,DocLabel,E/ECA/CODIST/1/7,DatePublish,05-Feb-09,DocType,0,DocTitle,"SECOND MEETING OF THE FIFTH AFRICAN TECHNICAL ADVISORY COMMITTEE (ATAC) ON THE AFRICAN INFORMATION SOCIETY INITIATIVE (AISI) 30 – 31 MAY 2007, MAPUTO, MOZAMBIQUE MEETING REPORT","""},"
index,136,corpus,ICT,Filename,E_ECA_DISD_CODI.3_15.txt,DocLabel,E/ECA/DISD/CODI.3/15,DatePublish,10-Apr-03,DocType,0,DocTitle,REPORT ON INDICATORS OF INFORMATION AND COMMUNICATIONS TECHNOLOGIES AND THE IMPACT OF INFORMATION AND COMMUNICATIONS TECHNOLOGY AT THE COUNTRY LEVEL,"""},"
index,137,corpus,ICT,Filename,E_ECA_DISD_CODI.3_20.txt,DocLabel,E/ECA/DISD/CODI.3/20,DatePublish,09-May-03,DocType,4,DocTitle,"ICT IN SUPPORT OF TRADITIONAL GOVERNANCEA CASE STUDY OF CHIEFTAINCY, GOVERNANCE AND DEVELOPMENT IN GHANA","""},"
index,138,corpus,ICT,Filename,JIU_REP_2008_5.txt,DocLabel,JIU/REP/2008/5,DatePublish,01-Feb-09,DocType,0,DocTitle,"Review of information and communication technology (ICT) hosting services in the United Nations System organizations / prepared by Yishan Zhang, Nikolay Chulkov, Joint Inspection Unit","""},"
index,139,corpus,ICT,Filename,ST_AI_2005_10.txt,DocLabel,ST/AI/2005/10,DatePublish,08-Aug-05,DocType,1,DocTitle,Information and communication technology initiatives,"""},"
index,140,corpus,ICT,Filename,ST_SGB_2004_15.txt,DocLabel,ST/SGB/2004/15,DatePublish,29-Nov-04,DocType,0,DocTitle,USE OF INFORMATION AND COMMUNICATION TECHNOLOGY RESOURCES AND DATA,"""},"
index,141,corpus,ICT,Filename,TD_394.txt,DocLabel,TD/394,DatePublish,08-Apr-04,DocType,1,DocTitle,"Partnership for development information and knowledge for development issues note ICT as an enabler for growth, development and competitiveness","""},"
index,142,corpus,ICT,Filename,TD_417.txt,DocLabel,TD/417,DatePublish,17-Jan-08,DocType,4,DocTitle,"OUTCOME OF THE MEETING ""SCIENCE, TECHNOLOGY, INNOVATION AND ICTS FOR DEVELOPMENT"" PRE-CONFERENCE EVENT, GENEVA, 6 DECEMBER 2007 NOTE / PREPARED BY THE UNCTAD SECRETARIAT","""},"
index,143,corpus,ICT,Filename,TD_B_COM.3_62.txt,DocLabel,TD/B/COM.3/62,DatePublish,07-Oct-03,DocType,1,DocTitle,Electronic commerce and information and communication technologies for development selected issues note / by the UNCTAD Secretariat,"""},"
index,144,corpus,ICT,Filename,TD_B_COM.3_68.txt,DocLabel,TD/B/COM.3/68,DatePublish,10-Dec-04,DocType,1,DocTitle,E-commerce strategies for development selected trade and development aspects of information and communication technologies note / by the UNCTAD Secretariat,"""},"
index,145,corpus,ICT,Filename,TD_B_COM.3_77.txt,DocLabel,TD/B/COM.3/77,DatePublish,11-Dec-06,DocType,4,DocTitle,"Provisional agenda and annotations Trade and Development Board, Commission on Enterprise, Business Facilitation and Development, 11th session, Geneva, 19-23 February 2007","""},"
index,146,corpus,ICT,Filename,TD_B_COM.3_81.txt,DocLabel,TD/B/COM.3/81,DatePublish,13-Dec-06,DocType,0,DocTitle,ICT and e-business for development note / by the UNCTAD Secretariat,"""},"
index,147,corpus,ICT,Filename,TD_B_COM.3_EM.19_3_TD_B_COM.3_61.txt,DocLabel,TD/B/COM.3/EM.19/3/TD/B/COM.3/61,DatePublish,27-Oct-03,DocType,0,DocTitle,"Report of the Expert Meeting on Measuring Electronic Commerce as an Instrument for the Development of the Digital Economy, held at the Palais des Nations, Geneva, from 8 to 10 September [2003]","""},"
index,148,corpus,ICT,Filename,TD_B_COM.3_EM.25_1.txt,DocLabel,TD/B/COM.3/EM.25/1,DatePublish,07-Sep-05,DocType,4,DocTitle,"Provisional agenda and annotations Trade and Development Board, Commission on Enterprise, Business Facilitation and Development, Expert Meeting on ICT and Tourism for Development, Geneva, 30 November-2 December 2005","""},"
index,149,corpus,ICT,Filename,TD_B_COM.3_EM.27_1.txt,DocLabel,TD/B/COM.3/EM.27/1,DatePublish,14-Jul-06,DocType,4,DocTitle,"Provisional agenda and annotations Trade and Development Board, Commission on Enterprise, Business Facilitation and Development, Expert Meeting on ICT Solutions to Facilitate Trade at Border Crossings and Ports, Geneva, 16-18 October 2006","""},"
index,150,corpus,ICT,Filename,TD_B_COM.3_EM.29_2.txt,DocLabel,TD/B/COM.3/EM.29/2,DatePublish,11-Sep-06,DocType,1,DocTitle,Using ICTs to achieve growth and development background paper / by the UNCTAD Secretariat,"""},"
index,151,corpus,ICT,Filename,TD_B_COM.3_EM.29_3.txt,DocLabel,TD/B/COM.3/EM.29/3,DatePublish,22-Dec-06,DocType,0,DocTitle,"Report of the Expert Meeting in Support of the Implementation and Follow-up of WSIS Using ICTs to Achieve Growth and Development, held at the Palais des Nations, Geneva, from 4 to 5 December 2006","""},"
index,152,corpus,ICT,Filename,TD_B_COM.3_L.22.txt,DocLabel,TD/B/COM.3/L.22,DatePublish,25-Feb-02,DocType,4,DocTitle,Mainstreaming gender in order to promote opportunities agreed recommendations,"""},"
index,153,corpus,ICT,Filename,TD_B_COM.3_L.31.txt,DocLabel,TD/B/COM.3/L.31,DatePublish,01-Mar-05,DocType,1,DocTitle,Electronic commerce strategies for development agreed recommendations,"""},"
index,154,corpus,ICT,Filename,TD_B_COM.3_L.34_Add.2.txt,DocLabel,TD/B/COM.3/L.34/ADD.2,DatePublish,23-Feb-07,DocType,4,DocTitle,"Draft report of the Commission on Enterprise, Business Facilitation and Development on its 11th session, held at the Palais des Nations, from 19 to 23 February 2007","""},"
index,155,corpus,ICT,Filename,TD_L.385.txt,DocLabel,TD/L.385,DatePublish,17-Jun-04,DocType,0,DocTitle,Implementing the WSIS Plan of Action issues for trade and development summary / prepared by the UNCTAD Secretariat,"""},"
index,156,corpus,ICT,Filename,TD_L.388.txt,DocLabel,TD/L.388,DatePublish,24-Jun-04,DocType,0,DocTitle,"ICT as an enabler for growth, competitiveness and development implications for national and international policies and actions Interactive Thematic Session, 17 June 2004 summary / prepared by the UNCTAD Secretariat","""},"
index,157,corpus,ICT,Filename,TRADE_CEFACT_2002_30.txt,DocLabel,TRADE/CEFACT/2002/30,DatePublish,20-Mar-02,DocType,0,DocTitle,Informal briefing on UNECE's work regarding the World Summit on the Information Society and the UN High level Task Force on Information and Communication Technology for Development / submitted by the Secretariat,"""},"
index,158,corpus,ICT,Filename,TRADE_WP.8_2004_8.txt,DocLabel,TRADE/WP.8/2004/8,DatePublish,17-Nov-03,DocType,4,DocTitle,Team of Specialists on Women's Entrepreneurship progress report,"""},"
index,159,corpus,ITSD,Filename,A_55_210.txt,DocLabel,A/55/210,DatePublish,02-Aug-00,DocType,3,DocTitle,Overseas Properties Management and Information Exchange Network (OPMIEN): a globally coordinated collaborative approach to facilities management : report of the Secretary-General,"""},"
index,160,corpus,ITSD,Filename,A_55_619.txt,DocLabel,A/55/619,DatePublish,10-Nov-00,DocType,3,DocTitle,Review of the Information Systems Coordination Committee : report of the Secretary-General,"""},"
index,161,corpus,ITSD,Filename,A_55_780.txt,DocLabel,A/55/780,DatePublish,13-Feb-01,DocType,3,DocTitle,Information technology in the Secretariat : a plan of action : report of the Secretary-General,"""},"
index,162,corpus,ITSD,Filename,A_56_879.txt,DocLabel,A/56/879,DatePublish,26-Mar-02,DocType,3,DocTitle,Post-implemetation review of the Integrated Management Information System at the United Nations Headquarters : note / by the Secretary-General,"""},"
index,163,corpus,ITSD,Filename,A_56_941.txt,DocLabel,A/56/941,DatePublish,09-May-02,DocType,3,DocTitle,Financial performance report for the period from 1 June 2000 to 30 June 2001 and proposed budget for the period from 1 July 2002 to 30 June 2003 for the support account for peacekeeping operations : report of the Advisory Committee on Administrative and Budgetrary Questions,"""},"
index,164,corpus,ITSD,Filename,A_57_355.txt,DocLabel,A/57/355,DatePublish,27-Aug-02,DocType,3,DocTitle,"Strengthening the Department of Public Information, within the existing capacity, in order to support and enhance the United Nations web site in all official languages of the Organization : report of the Secretary-General","""},"
index,165,corpus,ITSD,Filename,A_57_620.txt,DocLabel,A/57/620,DatePublish,20-Nov-02,DocType,1,DocTitle,Information and communication technology strategy : report of the Secretary-General,"""},"
index,166,corpus,ITSD,Filename,A_57_649_Add.1.txt,DocLabel,A/57/649/ADD.1,DatePublish,01-Apr-03,DocType,3,DocTitle,"Programme budget for the biennium 2002-2003 : report of the 5th Committee : General Assembly, 57th session","""},"
index,167,corpus,ITSD,Filename,A_58_217.txt,DocLabel,A/58/217,DatePublish,05-Aug-03,DocType,3,DocTitle,"Strengthening the Department of Public Information, within the existing capacity, in order to support and enhance the United Nations web site in all official languages of the Organization : follow-up : report of the Secretary-General","""},"
index,168,corpus,ITSD,Filename,A_58_377.txt,DocLabel,A/58/377,DatePublish,23-Sep-03,DocType,1,DocTitle,Information and communication technology strategy : implementation of General Assembly resolution 57/304 of 15 April 2003 : report of the Secretary-General,"""},"
index,169,corpus,ITSD,Filename,A_58_435_Add.1.txt,DocLabel,A/58/435/ADD.1,DatePublish,23-Oct-03,DocType,3,DocTitle,Report of the Joint Inspection Unit on the transition from the Optical Disk System to the Official Document System : report of the Secretary-General : addendum,"""},"
index,170,corpus,ITSD,Filename,A_58_599.txt,DocLabel,A/58/599,DatePublish,17-Nov-03,DocType,3,DocTitle,Capital master plan : report of the Secretary-General,"""},"
index,171,corpus,ITSD,Filename,A_59_265.txt,DocLabel,A/59/265,DatePublish,16-Aug-04,DocType,1,DocTitle,Information and Communication Technology Strategy : report of the Secretary-General,"""},"
index,172,corpus,ITSD,Filename,A_59_265_Add.1.txt,DocLabel,A/59/265/ADD.1,DatePublish,14-Mar-05,DocType,1,DocTitle,Information and Communication Technology Strategy : report of the Secretary-General : addendum,"""},"
index,173,corpus,ITSD,Filename,A_59_318.txt,DocLabel,A/59/318,DatePublish,01-Sep-04,DocType,0,DocTitle,First report on the implementation of the recommendations of the Board of Auditors on the accounts of the United Nations for the financial period ended 31 December 2003 : report of the Secretary-General,"""},"
index,174,corpus,ITSD,Filename,A_59_336.txt,DocLabel,A/59/336,DatePublish,07-Sep-04,DocType,3,DocTitle,"Strengthening the Department of Public Information, within the existing capacity, in order to support and enhance the United Nations web site in all official languages of the Organization : status of implementation : report of the Secretary-General","""},"
index,175,,,Filename,A_59_578_Add.1.txt,DocLabel,A/59/578/ADD.1,DatePublish,26-Nov-04,DocType,3,DocTitle,First performance report on the programme budget for the biennium 2004-2005 : report of the Secretary-General : addendum : implementation of the United Nations Official Document System,"""},"
index,176,,ITSD,Filename,A_60_665_Add.1.txt,DocLabel,A/60/665/ADD.1,DatePublish,03-Feb-06,DocType,3,DocTitle,Report of the Joint Inspection Unit on the policies of United Nations System organizations towards the use of open source software in the secretariats : note / by the Secretary-General,"""},"
index,177,,ITSD,Filename,A_60_681.txt,DocLabel,A/60/681,DatePublish,16-Feb-06,DocType,3,DocTitle,Performance report on the budget of the support account for peacekeeping operations for the period from 1 July 2004 to 30 June 2005 : report of the Secretary-General,"""},"
index,178,,ITSD,Filename,A_60_682.txt,DocLabel,A/60/682,DatePublish,17-Feb-06,DocType,0,DocTitle,Report of the Office of Internal Oversight Services on the audit of the standard costs applied to Headquarters overhead,"""},"
index,179,,ITSD,Filename,A_60_6_(Sect. 28D).txt,DocLabel,A/60/6(SECT.28D),DatePublish,25-Apr-05,DocType,3,DocTitle,"Proposed programme budget for the biennium 2006-2007. Part 8, Common support services, Section 28D, Office of Central Support Services (Programme 24 of the biennial programme plan and priorities for the period 2006-2007)","""},"
index,180,,ITSD,Filename,A_61_733.txt,DocLabel,A/61/733,DatePublish,08-Feb-07,DocType,3,DocTitle,Performance report on the budget of the support account for peacekeeping operations for the period from 1 July 2005 to 30 June 2006 : report of the Secretary-General,"""},"
index,181,,ITSD,Filename,A_61_846_Add.1.txt,DocLabel,A/61/846/ADD.1,DatePublish,12-Sep-07,DocType,0,DocTitle,Report of the Office of Internal Oversight Services on the audit of the application of best value for money principle in United Nations procurement : note / by the Secretary-General,"""},"
index,182,,ITSD,Filename,A_61_L.56.txt,DocLabel,A/61/L.56,DatePublish,09-May-07,DocType,3,DocTitle,"Multilingualism : draft resolution / Afghanistan, Albania, Andorra, Argentina, Armenia, Austria, Bangladesh, Belarus, Belgium, Benin, Bolivia, Botswana, Bulgaria, Burkina Faso, Burundi, Cameroon, Canada, Cape Verde, Central African Republic, Chad, China, Comoros, Congo, Costa Rica, Cote d'Ivoire, Croatia, Cyprus, Czech Republic, Democratic Republic of the Congo, Djibouti, Dominican Republic, Egypt, El Salvador, France, Gabon, Gambia, Georgia, Germany, Greece, Guatemala, Guinea, Haiti, Honduras, Hungary, Ireland, Israel, Kazakhstan, Kyrgyzstan, Latvia, Lebanon, Libyan Arab Jamahiriya, Liechtenstein, Lithuania, Luxembourg, Madagascar, Mali, Mauritania, Mauritius, Mexico, Moldova, Monaco, Morocco, Mozambique, Niger, Nigeria, Oman, Palau, Panama, Paraguay, Portugal, Qatar, Romania, Russian Federation, San Marino, Sao Tome and Principe, Senegal, Seychelles, Slovakia, Slovenia, Somalia, South Africa, Spain, Sudan, Switzerland, Tajikistan, the former Yugoslav Republic of Macedonia, Togo, Tunisia, Turkmenistan, Ukraine, United Republic of Tanzania, Viet Nam and Yemen","""},"
index,183,,ITSD,Filename,A_62_473.txt,DocLabel,A/62/473,DatePublish,08-Oct-07,DocType,3,DocTitle,Pattern of conferences : report of the Advisory Committee on Administrative and Budgetary Questions,"""},"
index,184,,ITSD,Filename,A_62_477.txt,DocLabel,A/62/477,DatePublish,09-Oct-07,DocType,2,DocTitle,"Information and communications technology security, disaster recovery and business continuity for the United Nations : report of the Secretary-General","""},"
index,185,,ITSD,Filename,A_62_6_(Sect. 28D).txt,DocLabel,A/62/6(SECT.28D),DatePublish,27-Mar-07,DocType,3,DocTitle,"Proposed programme budget for the biennium 2008-2009. Part 4, International cooperation for development, Section 11, United Nations Support for the New Partnership for Africa's Development (Programme 9 of the biennial programme plan and priorities for the period 2008-2009)","""},"
index,186,,ITSD,Filename,A_62_6_(Sect.11).txt,DocLabel,A/62/6(SECT.11),DatePublish,24-May-07,DocType,3,DocTitle,"Proposed programme budget for the biennium 2008-2009. Part 8, Section 28D, Office of Central Support Services (Programme 24 of the biennial programme plan and priorities for the period 2008-2009)","""},"
index,187,,ITSD,Filename,A_62_793_Add.1.txt,DocLabel,A/62/793/ADD.1,DatePublish,02-Sep-08,DocType,1,DocTitle,Investing in information and communications technology : information and communications strategy for the United Nations Secretariat : report of the Secretary-General : addendum,"""},"
index,188,,ITSD,Filename,A_63_487_Corr.1.txt,DocLabel,A/63/487/Corr.1,DatePublish,24-Oct-08,DocType,1,DocTitle,Information and communications technology : report of the Advisory Committee on Administrative and Budgetary Questions : corrigendum,"""},"
index,189,,ITSD,Filename,A_63_L.70.txt,DocLabel,A/63/L.70,DatePublish,16-Apr-09,DocType,3,DocTitle,"Multilingualism : draft resolution / Andorra, Austria, Belgium, Benin, Burkina Faso, Cameroon, Cape Verde, Congo, Cote d'Ivoire, Djibouti, Gabon, Greece, Guinea, Guinea-Bissau, Haiti, Luxembourg, Madagascar, Mali, Mauritius, Monaco, Morocco, Niger, Romania, Senegal, Switzerland, Togo and Viet Nam","""},"
index,190,,ITSD,Filename,A_AC.172_2000_4__A_AC.198_2000_7.txt,DocLabel,A/AC.172/2000/4//A/AC.198/2000/7,DatePublish,05-Apr-00,DocType,2,DocTitle,"Multilingual development, maintenance and enrichment of United Nations web sites : report of the Secretary-General","""},"
index,191,,ITSD,Filename,A_AC.198_2005_6.txt,DocLabel,A/AC.198/2005/6,DatePublish,09-Feb-05,DocType,2,DocTitle,The United Nations web site : progress towards parity among official languages : report of the Secretary-General,"""},"
index,192,,ITSD,Filename,A_AC.198_2006_3.txt,DocLabel,A/AC.198/2006/3,DatePublish,10-Feb-06,DocType,2,DocTitle,The United Nations website : recent developments and progress towards parity among the official languages : report of the Secretary-General,"""},"
index,193,,ITSD,Filename,A_AC.198_2007_3.txt,DocLabel,A/AC.198/2007/3,DatePublish,21-Feb-07,DocType,2,DocTitle,"The United Nations website : progress towards parity among official languages, accessibility and content management : report of the Secretary-General","""},"
index,194,,ITSD,Filename,A_C.5_54_SR.70.txt,DocLabel,A/C.5/54/SR.70,DatePublish,23-May-00,DocType,3,DocTitle,"Summary record of the 70th meeting : 5th Committee, held at Headquarters, New York, on Tuesday, 23 May 2000, General Assembly, 54th session","""},"
index,195,,ITSD,Filename,A_C.5_55_SR.55.txt,DocLabel,A/C.5/55/SR.55,DatePublish,10-May-01,DocType,3,DocTitle,"Summary record of the 55th meeting : 5th Committee, held at Headquarters, New York, on Friday, 30 March 2001, General Assembly, 55th session","""},"
index,196,,ITSD,Filename,A_C.5_56_SR.44.txt,DocLabel,A/C.5/56/SR.44,DatePublish,21-Mar-02,DocType,3,DocTitle,"Summary record of the 44th meeting : 5th Committee, held at Headquarters, New York, on Wednesday, 6 March 2002, General Assembly, 56th session","""},"
index,197,,ITSD,Filename,A_C.5_57_L.56.txt,DocLabel,A/C.5/57/L.56,DatePublish,27-Mar-03,DocType,1,DocTitle,Information and communication technology strategy : draft resolution / submitted by the Vice-Chairman following informal consultations,"""},"
index,198,,ITSD,Filename,A_C.5_57_SR.3.txt,DocLabel,A/C.5/57/SR.3,DatePublish,09-Oct-02,DocType,3,DocTitle,"Summary record of the 3rd meeting : 5th Committee, held at Headquarters, New York, on Monday, 30 September 2002, General Assembly, 57th session","""},"
index,199,,ITSD,Filename,A_C.5_59_L.36.txt,DocLabel,A/C.5/59/L.36,DatePublish,31-Mar-05,DocType,3,DocTitle,Special subjects relating to the programme budget for the biennium 2004-2005 : draft resolution / submitted by the Chairman following informal consultations,"""},"
index,200,,ITSD,Filename,A_C.5_59_SR.35.txt,DocLabel,A/C.5/59/SR.35,DatePublish,13-Apr-05,DocType,3,DocTitle,"Summary record of the 35th meeting : 5th Committee, held at Headquarters, New York, on Tuesday, 8 March 2005, General Assembly, 59th session","""},"
index,201,,ITSD,Filename,A_C.5_61_SR.50.txt,DocLabel,A/C.5/61/SR.50,DatePublish,17-Jul-07,DocType,3,DocTitle,"Summary record of the 50th meeting : 5th Committee, held at Headquarters, New York, on Friday, 18 May 2007, General Assembly, 61st session","""},"
index,202,,ITSD,Filename,A_RES_57_304.txt,DocLabel,A/RES/57/304,DatePublish,30-Aug-02,DocType,1,DocTitle,Information and communication technology strategy : resolution / adopted by the General Assembly,"""},"
index,203,,ITSD,Filename,A_RES_59_282.txt,DocLabel,A/RES/59/282,DatePublish,02-Sep-04,DocType,3,DocTitle,SPECIAL SUBJECTS RELATING TO THE PROGRAMME BUDGET FOR THE BIENNIUM 2004-2005 : RESOLUTION / ADOPTED BY THE GENERAL ASSEMBLY,"""},"
index,204,,ITSD,Filename,A_RES_61_266.txt,DocLabel,A/RES/61/266,DatePublish,11-Sep-06,DocType,4,DocTitle,MULTILINGUALISM,"""},"
index,205,,ITSD,Filename,E_2000_94.txt,DocLabel,E/2000/94,DatePublish,13-Jul-00,DocType,2,DocTitle,International cooperation in the field of informatics / report of the Secretary-General,"""},"
index,206,,ITSD,Filename,E_2001_96.txt,DocLabel,E/2001/96,DatePublish,21-Jun-01,DocType,2,DocTitle,International cooperation in the field of informatics : report of the Secretary-General,"""},"
index,207,,ITSD,Filename,E_2002_78.txt,DocLabel,E/2002/78,DatePublish,02-Jul-02,DocType,2,DocTitle,International cooperation in the field of informatics : report of the Secretary-General,"""},"
index,208,,ITSD,Filename,E_2003_75.txt,DocLabel,E/2003/75,DatePublish,28-May-03,DocType,2,DocTitle,International cooperation in the field of informatics : report of the Secretary-General,"""},"
index,209,,ITSD,Filename,E_2004_78.txt,DocLabel,E/2004/78,DatePublish,14-Jun-04,DocType,2,DocTitle,International cooperation in the field of informatics : report of the Secretary-General,"""},"
index,210,,ITSD,Filename,E_2004_L.28.txt,DocLabel,E/2004/L.28,DatePublish,16-Jul-04,DocType,0,DocTitle,The need to harmonize and improve United Nations informatics systems for optimal utilization and accessibility by all States : draft resolution / Qatar (on behalf of the Group of 77 and China),"""},"
index,211,,ITSD,Filename,E_2005_67.txt,DocLabel,E/2005/67,DatePublish,23-May-05,DocType,2,DocTitle,International cooperation in the field of informatics : report of the Secretary-General,"""},"
index,212,,ITSD,Filename,E_2005_L.33.txt,DocLabel,E/2005/L.33,DatePublish,18-Jul-05,DocType,0,DocTitle,The need to harmonize and improve United Nations informatics systems for optimal utilization and accessibility by all States : draft resolution / Jamaica [on behalf of the Group of 77 and China],"""},"
index,213,,ITSD,Filename,E_2006_79.txt,DocLabel,E/2006/79,DatePublish,31-May-06,DocType,2,DocTitle,International cooperation in the field of informatics : report of the Secretary-General,"""},"
index,214,,ITSD,Filename,E_2006_L.22.txt,DocLabel,E/2006/L.22,DatePublish,21-Jul-06,DocType,0,DocTitle,"The need to harmonize and improve United Nations informatics systems for optimal utilization and accessibility by all States : draft resolution / submitted by the Vice-President of the Council, Dalius éCekulolis (Lithuania), on the basis of informal consultations","""},"
index,215,,ITSD,Filename,E_2007_59.txt,DocLabel,E/2007/59,DatePublish,07-May-07,DocType,2,DocTitle,International cooperation in the field of informatics : report of the Secretary-General,"""},"
index,216,,ITSD,Filename,E_2007_L.24.txt,DocLabel,E/2007/L.24,DatePublish,23-Jul-07,DocType,0,DocTitle,"The need to harmonize and improve United Nations informatics systems for optimal utilization and accessibility by all States : draft resolution / submitted by the Vice-President of the Council, Leo Merores (Haiti), on the basis of informal consultations","""},"
index,217,,ITSD,Filename,E_2007_OD_19.txt,DocLabel,E/2007/OD/19,DatePublish,26-Jul-07,DocType,4,DocTitle,No title available,"""},"
index,218,,ITSD,Filename,E_2008_65.txt,DocLabel,E/2008/65,DatePublish,16-May-08,DocType,4,DocTitle,INTERNATIONAL COOPERATION IN THE FIELD OF INFORMATICS : REPORT OF THE SECRETARY-GENERAL,"""},"
index,219,,ITSD,Filename,E_2009_21.txt,DocLabel,E/2009/21,DatePublish,16-Mar-09,DocType,4,DocTitle,International cooperation in the field of informatics : report of the Secretary-General,"""},"
index,220,,ITSD,Filename,E_2010_48.txt,DocLabel,E/2010/48,DatePublish,29-Mar-10,DocType,4,DocTitle,International cooperation in the field of informatics : report of the Secretary-General,"""},"
index,221,,ITSD,Filename,E_AC.51_2009_4.txt,DocLabel,E/AC.51/2009/4,DatePublish,26-Mar-09,DocType,0,DocTitle,Triennial review of the implementation of recommendations made by the Committee for Programme and Coordination at its 46th session on the thematic evaluation of knowledge management networks in the pursuit of the goals of the Millennium Declaration : report of the Office of Internal Oversight Services,"""},"
index,222,,ITSD,Filename,JOURNAL_No. 2002_45_(Part I).txt,DocLabel,JOURNALNO.2002/45(PARTI),DatePublish,05-Mar-02,DocType,4,DocTitle,PROGRAMME OF MEETINGS AND AGENDA,"""},"
index,223,,ITSD,Filename,JOURNAL_NO.2001_50_(PART I).txt,DocLabel,JOURNALNO.2001/50(PARTI),DatePublish,15-Mar-01,DocType,4,DocTitle,PROGRAMME OF MEETINGS AND AGENDA,"""},"
index,224,,ITSD,Filename,ST_AI_2001_4.txt,DocLabel,ST/AI/2001/4,DatePublish,05-Jun-01,DocType,2,DocTitle,Disposal of computer equipment at United Nations Headquarters,"""},"
index,225,,ITSD,Filename,ST_AI_2001_5.txt,DocLabel,ST/AI/2001/5,DatePublish,20-Jun-01,DocType,2,DocTitle,United Nations Internet publishing,"""},"
index,226,,ITSD,Filename,ST_IC_2000_13.txt,DocLabel,ST/IC/2000/13,DatePublish,09-Mar-00,DocType,2,DocTitle,Windows 2000 / from the Assistant Secretary-General for Central Support Services,"""},"
index,227,,ITSD,Filename,ST_IC_2001_15.txt,DocLabel,ST/IC/2001/15,DatePublish,08-Feb-01,DocType,4,DocTitle,Human Resources Handbook / from the Assistant Secretary-General for Human Resources Management,"""},"
index,228,,ITSD,Filename,ST_IC_2001_95.txt,DocLabel,ST/IC/2001/95,DatePublish,03-Dec-01,DocType,2,DocTitle,Termination of support for obsolete computing equipment / from the Assistant Secretary-General for Central Support Services,"""},"
index,229,,ITSD,Filename,ST_IC_2002_64.txt,DocLabel,ST/IC/2002/64,DatePublish,03-Oct-02,DocType,2,DocTitle,Termination of support for obsolete computing equipment / from the Assistant Secretary-General for Central Support Services,"""},"
index,230,,ITSD,Filename,ST_IC_2003_29.txt,DocLabel,ST/IC/2003/29,DatePublish,23-Apr-03,DocType,1,DocTitle,Performance controls of United Nations Internet services / from the Assistant Secretary-General for Central Support Services,"""},"
index,231,,ITSD,Filename,ST_IC_2004_32.txt,DocLabel,ST/IC/2004/32,DatePublish,23-Aug-04,DocType,2,DocTitle,Termination of support for the Windows 98 operating system / from the Assistant-Secretary-General for Central Support Services,"""},"
index,232,,ITSD,Filename,ST_IC_2005_11.txt,DocLabel,ST/IC/2005/11,DatePublish,18-Feb-05,DocType,2,DocTitle,Mobile communication devices for official work / from the Assistant Secretary-General for Central Support Services,"""},"
index,233,,ITSD,Filename,ST_IC_2005_12.txt,DocLabel,ST/IC/2005/12,DatePublish,23-Feb-05,DocType,2,DocTitle,Termination of support for obsolete computing equipment / from the Assistant Secretary-General for Central Support Services,"""},"
index,234,,ITSD,Filename,ST_IC_2006_50.txt,DocLabel,ST/IC/2006/50,DatePublish,28-Nov-06,DocType,2,DocTitle,Termination of support for obsolete computing equipment / from the Acting Under-Secretary-General for Management,"""},"
index,235,,ITSD,Filename,ST_IC_2006_8.txt,DocLabel,ST/IC/2006/8,DatePublish,25-Jan-06,DocType,4,DocTitle,Human Resources Handbook / from the Assistant Secretary-General for Human Resources Management,"""},"
index,236,,ITSD,Filename,ST_SGB_2001_5.txt,DocLabel,ST/SGB/2001/5,DatePublish,08-Jun-01,DocType,2,DocTitle,INFORMATION AND COMMUNICATIONS TECHNOLOGY BOARD,"""},"
index,237,,ITSD,Filename,ST_SGB_2003_17.txt,DocLabel,ST/SGB/2003/17,DatePublish,24-Nov-03,DocType,2,DocTitle,INFORMATION AND COMMUNICATIONS TECHNOLOGY BOARD,"""},"
index,238,,ITSD,Filename,ST_SGB_2007_6.txt,DocLabel,ST/SGB/2007/6,DatePublish,12-Feb-07,DocType,2,DocTitle,"INFORMATION SENSITIVITY, CLASSIFICATION AND HANDLING","""},"
index,239,,ITSD,Filename,S_2007_254.txt,DocLabel,S/2007/254,DatePublish,04-May-07,DocType,4,DocTitle,Letter dated 2007/05/01 from the Chairman of the Security Council Committee established pursuant to resolution 1373 (2001) concerning counter-terrorism addressed to the President of the Security Council,"""},"
index,240,,ITSD,Filename,S_2008_187.txt,DocLabel,S/2008/187,DatePublish,24-Mar-08,DocType,4,DocTitle,Letter dated 2008/03/20 from the Chairman of the Security Council Committee established pursuant to resolution 1373 (2001) concerning counter-terrorism addressed to the President of the Security Council,"""},"
